use db_final_project

insert into departments (department_id, department_name, location, phone_extension) values
(1, 'Neurology', 'Building A', 1000),
(2, 'Surgery', 'Building B', 1010),
(3, 'Pediatrics', 'Building C', 1020),
(4, 'Cardiology', 'Building D', 1030),
(5, 'Gynecology', 'Building E', 1040),
(6, 'Laboratory', 'Building F', 1050),
(7, 'Orthopedics', 'Building G', 1060),
(8, 'Nursing', 'Building H', 1070),
(9, 'Administration', 'Building I', 1080),
(10, 'Information Technology', 'Building J', 1090);


insert into doctors (doctor_id, first_name, last_name, specialization, phone_number, email, department_id, availability) values
(1, 'Nicholas', 'Williams', 'Cardiologist', '5559991', 'nicholaswilliams@gmail.com', 4, 0),
(2, 'Patricia', 'Collins', 'Gynecologist', '5553212', 'patriciacollins@gmail.com', 5, 1),
(3, 'Kelly', 'Coffey', 'Pediatrician', '5555323', 'kellycoffey@gmail.com', 3, 1),
(4, 'Roland', 'Dunkin', 'Surgeon', '5557851', 'rolanddunkin@gmail.com', 2, 1),
(5, 'Howard', 'Mason', 'Neurologist', '5556482', 'howardmason@gmail.com', 1, 1),
(6, 'Linda', 'Stone', 'Pathologist', '5552341', 'lindastone@gmail.com', 6, 1),
(7, 'Michael', 'Johnson', 'Orthopedist', '5556742', 'michaeljohnson@gmail.com', 7, 1),
(8, 'Sarah', 'Brown', 'Pediatrician', '5559234', 'sarahbrown@gmail.com', 3, 1),
(9, 'James', 'Adams', 'Neurologist', '5557623', 'jamesadams@gmail.com', 1, 0),
(10, 'Olivia', 'Clark', 'Surgeon', '5554572', 'oliviaclark@gmail.com', 2, 1),
(11, 'Thomas', 'Allen', 'Cardiologist', '5553384', 'thomasallen@gmail.com', 4, 1),
(12, 'Laura', 'Miller', 'Gynecologist', '5552985', 'lauramiller@gmail.com', 5, 0),
(13, 'Andrew', 'Scott', 'Microbiologist', '5558732', 'andrewscott@gmail.com', 6, 1),
(14, 'Sophia', 'Garcia', 'Orthopedist', '5552147', 'sophiagarcia@gmail.com', 7, 1),
(15, 'Daniel', 'Lee', 'Cardiologist', '5551458', 'daniellee@gmail.com', 4, 1);





INSERT INTO patients (patient_id, first_name, last_name, date_of_birth, gender, address, phone_number, email, emergency_contact_name, emergency_contact_phone) VALUES 

(1, 'John', 'Doe', '1980-05-12', 'Male', '123 Main St', '5551234', 'johndoe@example.com', 'Jane Doe', '5554321'),
(2, 'Alice', 'Smith', '1992-08-23', 'Female', '456 Elm St', '5555678', 'alicesmith@example.com', 'Bob Smith', '5558765'),
(3, 'Michael', 'Johnson', '1985-02-15', 'Male', '789 Oak St', '5553456', 'michaeljohnson@gmail.com', 'Sarah Johnson', '5556543'),
(4, 'Emily', 'Williams', '1990-06-10', 'Female', '321 Pine St', '5557890', 'emilywilliams@gmail.com', 'David Williams', '5559876'),
(5, 'Robert', 'Jones', '1978-12-22', 'Male', '654 Maple St', '5551239', 'robertjones@gmail.com', 'Lisa Jones', '5554320'),
(6, 'Sophia', 'Brown', '2000-03-18', 'Female', '987 Cedar St', '5554567', 'sophiabrown@gmail.com', 'Mark Brown', '5557654'),
(7, 'James', 'Davis', '1983-11-05', 'Male', '852 Birch St', '5552345', 'jamesdavis@gmail.com', 'Patricia Davis', '5558769'),
(8, 'Olivia', 'Miller', '1995-09-01', 'Female', '741 Oak St', '5556789', 'oliviamiller@gmail.com', 'William Miller', '5553457'),
(9, 'Daniel', 'Wilson', '1982-07-14', 'Male', '963 Pine St', '5555671', 'danielwilson@gmail.com', 'Nancy Wilson', '5559870'),
(10, 'Isabella', 'Moore', '1998-01-23', 'Female', '159 Elm St', '5554322', 'isabellamoore@gmail.com', 'Brian Moore', '5556548'),
(11, 'Ethan', 'Taylor', '1993-04-17', 'Male', '753 Maple St', '5553458', 'ethantaylor@gmail.com', 'Rebecca Taylor', '5558762'),
(12, 'Mia', 'Anderson', '2001-10-30', 'Female', '258 Cedar St', '5552346', 'miaanderson@gmail.com', 'John Anderson', '5557655'),
(13, 'Alexander', 'Thomas', '1987-05-12', 'Male', '369 Oak St', '5556783', 'alexanderthomas@gmail.com', 'Jennifer Thomas', '5559872'),
(14, 'Charlotte', 'Jackson', '1994-02-20', 'Female', '456 Birch St', '5555679', 'charlottejackson@gmail.com', 'George Jackson', '5553459'),
(15, 'Benjamin', 'White', '1996-07-22', 'Male', '741 Cedar St', '5552348', 'benjaminwhite@gmail.com', 'Helen White', '5556546'),
(16, 'Ava', 'Harris', '2000-12-09', 'Female', '123 Oak St', '5558763', 'avaharris@gmail.com', 'Samuel Harris', '5557653'),
(17, 'Elijah', 'Martin', '1984-06-06', 'Male', '987 Maple St', '5553454', 'elijahmartin@gmail.com', 'Jessica Martin', '5557650'),
(18, 'Liam', 'Garcia', '1997-03-11', 'Male', '654 Birch St', '5555670', 'liamgarcia@gmail.com', 'Megan Garcia', '5556541'),
(19, 'Amelia', 'Rodriguez', '1988-09-26', 'Female', '852 Pine St', '5552347', 'ameliarodriguez@gmail.com', 'Thomas Rodriguez', '5559874'),
(20, 'Jacob', 'Martinez', '1990-05-30', 'Male', '321 Oak St', '5556785', 'jacobmartinez@gmail.com', 'Linda Martinez', '5558764'),
(21, 'Harper', 'Lopez', '2002-11-13', 'Female', '963 Maple St', '5553453', 'harperlopez@gmail.com', 'Paul Lopez', '5557651'),
(22, 'William', 'Gonzalez', '1989-04-25', 'Male', '258 Birch St', '5552340', 'williamgonzalez@gmail.com', 'Sandra Gonzalez', '5556542'),
(23, 'Lily', 'Perez', '1994-07-19', 'Female', '741 Pine St', '5555672', 'lilyperez@gmail.com', 'Matthew Perez', '5559873'),
(24, 'Jack', 'Lee', '1985-01-15', 'Male', '159 Maple St', '5558766', 'jacklee@gmail.com', 'Anna Lee', '5554323'),
(25, 'Zoe', 'Young', '1999-10-04', 'Female', '753 Oak St', '5553451', 'zoeyoung@gmail.com', 'Steve Young', '5557652'),
(26, 'Henry', 'King', '1992-06-18', 'Male', '369 Birch St', '5552345', 'henryking@gmail.com', 'Laura King', '5558761'),
(27, 'Ella', 'Scott', '2001-08-20', 'Female', '456 Pine St', '5557654', 'ellascott@gmail.com', 'Daniel Scott', '5559875'),
(28, 'Mason', 'Green', '1987-03-23', 'Male', '159 Birch St', '5556782', 'masongreen@gmail.com', 'Emily Green', '5554326'),
(29, 'Grace', 'Adams', '1995-02-07', 'Female', '741 Cedar St', '5553456', 'graceadams@gmail.com', 'Jonathan Adams', '5557657'),
(30, 'Lucas', 'Baker', '1980-11-14', 'Male', '963 Oak St', '5552344', 'lucasbaker@gmail.com', 'Susan Baker', '5556544'),
(31, 'Chloe', 'Nelson', '1991-07-25', 'Female', '852 Cedar St', '5556788', 'chloenelson@gmail.com', 'Richard Nelson', '5558760'),
(32, 'Wyatt', 'Carter', '1997-10-30', 'Male', '258 Maple St', '5552349', 'wyattcarter@gmail.com', 'Jessica Carter', '5559871'),
(33, 'Levi', 'Mitchell', '1994-05-10', 'Male', '654 Oak St', '5558767', 'levimitchell@gmail.com', 'Helen Mitchell', '5557659'),
(34, 'Ella', 'Roberts', '1992-12-15', 'Female', '321 Birch St', '5553450', 'ellaroberts@gmail.com', 'Michael Roberts', '5554324'),
(35, 'Jayden', 'Hernandez', '1990-08-29', 'Male', '987 Pine St', '5552341', 'jaydenhernandez@gmail.com', 'Olivia Hernandez', '5556547'),
(36, 'Scarlett', 'Martinez', '2000-03-17', 'Female', '753 Birch St', '5555673', 'scarlettmartinez@gmail.com', 'Carlos Martinez', '5558768'),
(37, 'Leo', 'Gonzalez', '1989-04-01', 'Male', '852 Maple St', '5553452', 'leogonzalez@gmail.com', 'Natalie Gonzalez', '5559877'),
(38, 'Victoria', 'Wilson', '1996-06-30', 'Female', '159 Oak St', '5557656', 'victoriawilson@gmail.com', 'Joshua Wilson', '5554325'),
(39, 'Sebastian', 'Young', '1998-11-03', 'Male', '258 Cedar St', '5556786', 'sebastianyound@gmail.com', 'Alyssa Young', '5559878'),
(40, 'Avery', 'Lee', '1995-09-12', 'Female', '963 Birch St', '5552343', 'averylee@gmail.com', 'Ethan Lee', '5557653'),
(41, 'Maya', 'Sanchez', '2001-05-25', 'Female', '654 Cedar St', '5553457', 'mayasanchez@gmail.com', 'Jacob Sanchez', '5554327'),
(42, 'Isaac', 'Hernandez', '1986-12-17', 'Male', '741 Oak St', '5558762', 'isaachernandez@gmail.com', 'Sofia Hernandez', '5557654'),
(43, 'Nina', 'Bennett', '1999-03-28', 'Female', '321 Cedar St', '5557650', 'ninabennett@gmail.com', 'James Bennett', '5558761'),
(44, 'Isaiah', 'Gomez', '1997-02-21', 'Male', '159 Birch St', '5553454', 'isaiahgomez@gmail.com', 'Rachel Gomez', '5559879'),
(45, 'Ella', 'Wright', '1991-11-02', 'Female', '963 Pine St', '5552341', 'ellawright@gmail.com', 'Henry Wright', '5557658'),
(46, 'Nathan', 'Perez', '1985-04-19', 'Male', '654 Birch St', '5553455', 'nathanperez@gmail.com', 'Lauren Perez', '5554326'),
(47, 'Sadie', 'Fox', '1998-09-10', 'Female', '258 Oak St', '5558761', 'sadiefox@gmail.com', 'Gary Fox', '5557657'),
(48, 'Evan', 'Rivera', '1992-05-11', 'Male', '741 Maple St', '5552346', 'evanrivera@gmail.com', 'Rachel Rivera', '5556549'),
(49, 'Madeline', 'Chapman', '1993-12-08', 'Female', '159 Cedar St', '5557654', 'madelinechapman@gmail.com', 'Steven Chapman', '5559873'),
(50, 'Isaac', 'Ward', '1986-01-29', 'Male', '852 Birch St', '5556789', 'isaacward@gmail.com', 'Julia Ward', '5558765'),
(51, 'Liam', 'Brooks', '1995-03-17', 'Male', '987 Maple St', '5552347', 'liambrooks@gmail.com', 'Lynn Brooks', '5557650'),
(52, 'Harper', 'Collins', '1997-08-03', 'Female', '321 Oak St', '5553459', 'harpercollins@gmail.com', 'Oliver Collins', '5559872'),
(53, 'Ava', 'Harrison', '2001-07-10', 'Female', '741 Pine St', '5556781', 'avaharrison@gmail.com', 'Daniel Harrison', '5558766'),
(54, 'Joseph', 'Riley', '1984-12-18', 'Male', '963 Maple St', '5552348', 'josephriley@gmail.com', 'Ella Riley', '5556546'),
(55, 'Eva', 'Davis', '2000-04-22', 'Female', '852 Oak St', '5557658', 'evadavis@gmail.com', 'Joshua Davis', '5559870'),
(56, 'Liam', 'Morris', '1998-11-21', 'Male', '258 Birch St', '5552349', 'liammorris@gmail.com', 'Sophia Morris', '5558764'),
(57, 'Henry', 'Adams', '1983-10-09', 'Male', '321 Pine St', '5556547', 'henryadams@gmail.com', 'Lydia Adams', '5557659'),
(58, 'Oliver', 'Graham', '1992-05-18', 'Male', '654 Cedar St', '5554328', 'olivergraham@gmail.com', 'Alicia Graham', '5559878'),
(59, 'Charlotte', 'Thompson', '1999-02-14', 'Female', '963 Birch St', '5553451', 'charlottethompson@gmail.com', 'James Thompson', '5557656'),
(60, 'Elijah', 'Young', '1985-03-26', 'Male', '159 Oak St', '5559876', 'elijahyoung@gmail.com', 'Aiden Young', '5557654'),
(61, 'Madison', 'Jackson', '1996-08-30', 'Female', '852 Pine St', '5553453', 'madisonjackson@gmail.com', 'Benjamin Jackson', '5556548'),
(62, 'Benjamin', 'Carter', '1992-04-05', 'Male', '963 Cedar St', '5552340', 'benjamincarter@gmail.com', 'Natalie Carter', '5559877'),
(63, 'Sofia', 'Roberts', '1987-01-25', 'Female', '321 Oak St', '5557653', 'sofiaroberts@gmail.com', 'Daniel Roberts', '5557650'),
(64, 'Carter', 'King', '1994-09-17', 'Male', '741 Birch St', '5558761', 'carterking@gmail.com', 'Maggie King', '5557655'),
(65, 'Eli', 'Duncan', '1998-12-07', 'Male', '852 Cedar St', '5552345', 'eliduncan@gmail.com', 'Susan Duncan', '5559874'),
(66, 'Maya', 'Rivera', '2001-04-22', 'Female', '963 Oak St', '5554320', 'mayarivera@gmail.com', 'William Rivera', '5556543'),
(67, 'Aiden', 'Scott', '1983-10-11', 'Male', '741 Pine St', '5557652', 'aidenscott@gmail.com', 'Charlotte Scott', '5556547'),
(68, 'Lily', 'Harris', '1999-07-13', 'Female', '654 Oak St', '5553454', 'lilyharris@gmail.com', 'John Harris', '5559873'),
(69, 'Lucas', 'Gray', '2000-05-22', 'Male', '258 Cedar St', '5552342', 'lucasgray@gmail.com', 'Patricia Gray', '5557654'),
(70, 'Chloe', 'Martinez', '1996-10-05', 'Female', '963 Pine St', '5556546', 'chloemartinez@gmail.com', 'Joshua Martinez', '5559872'),
(71, 'Noah', 'Rodriguez', '1987-11-30', 'Male', '852 Oak St', '5559878', 'noahrodriguez@gmail.com', 'Samantha Rodriguez', '5558764'),
(72, 'Amelia', 'Lopez', '1992-01-09', 'Female', '321 Birch St', '5554324', 'amelialopez@gmail.com', 'Christopher Lopez', '5559876'),
(73, 'Levi', 'Green', '1999-08-25', 'Male', '654 Cedar St', '5558765', 'levigreen@gmail.com', 'Tina Green', '5557659'),
(74, 'Zoe', 'Scott', '1988-04-15', 'Female', '258 Oak St', '5557650', 'zoescott@gmail.com', 'John Scott', '5557653'),
(75, 'Caleb', 'Hernandez', '1995-07-19', 'Male', '963 Birch St', '5554328', 'calebhernandez@gmail.com', 'Megan Hernandez', '5557656'),
(76, 'Ella', 'Lewis', '1991-02-10', 'Female', '741 Pine St', '5552343', 'ellalewis@gmail.com', 'David Lewis', '5559878'),
(77, 'Henry', 'Parker', '1997-05-02', 'Male', '852 Cedar St', '5553458', 'henryparker@gmail.com', 'Patricia Parker', '5559871'),
(78, 'Jack', 'Evans', '1993-11-21', 'Male', '963 Oak St', '5554325', 'jackevans@gmail.com', 'Emily Evans', '5559873'),
(79, 'Natalie', 'Murphy', '1998-03-04', 'Female', '654 Birch St', '5557657', 'natalieevans@gmail.com', 'Brian Murphy', '5557654'),
(80, 'Isaiah', 'Cameron', '1996-07-18', 'Male', '321 Cedar St', '5559874', 'isaiahcameron@gmail.com', 'Jessica Cameron', '5556548'),
(81, 'Sophia', 'Simmons', '2000-12-06', 'Female', '852 Oak St', '5554329', 'sophiasimmons@gmail.com', 'Matthew Simmons', '5558763'),
(82, 'Dylan', 'Thompson', '1994-05-25', 'Male', '741 Cedar St', '5556785', 'dylanthompson@gmail.com', 'Samantha Thompson', '5559877'),
(83, 'Madeline', 'Young', '1993-01-18', 'Female', '963 Birch St', '5552346', 'madelineyoung@gmail.com', 'George Young', '5557656'),
(84, 'Luke', 'West', '1998-11-17', 'Male', '258 Oak St', '5558760', 'lukewest@gmail.com', 'Alyssa West', '5554322'),
(85, 'Leah', 'Foster', '1991-09-30', 'Female', '321 Pine St', '5553450', 'leahfoster@gmail.com', 'Steven Foster', '5559878'),
(86, 'Elliot', 'Alexander', '1997-10-11', 'Male', '654 Oak St', '5557653', 'elliotalexander@gmail.com', 'Megan Alexander', '5559879'),
(87, 'Isaac', 'Martin', '1989-02-21', 'Male', '963 Pine St', '5552348', 'isaacmartin@gmail.com', 'Linda Martin', '5556549'),
(88, 'Maya', 'Hill', '1993-06-05', 'Female', '741 Birch St', '5556781', 'mayahill@gmail.com', 'Nathan Hill', '5554327'),
(89, 'Miles', 'King', '1995-07-24', 'Male', '852 Cedar St', '5559870', 'milesking@gmail.com', 'Alice King', '5557651'),
(90, 'Sienna', 'Hughes', '1998-04-17', 'Female', '963 Birch St', '5552345', 'siennahughes@gmail.com', 'Ethan Hughes', '5557652'),
(91, 'Finn', 'Cole', '1997-11-02', 'Male', '321 Pine St', '5558764', 'finncole@gmail.com', 'Olivia Cole', '5559872'),
(92, 'Tessa', 'Richards', '1994-08-23', 'Female', '654 Oak St', '5554321', 'tessarichards@gmail.com', 'James Richards', '5559871'),
(93, 'Elliott', 'Reed', '1996-05-10', 'Male', '852 Cedar St', '5553457', 'elliottreed@gmail.com', 'Emma Reed', '5559876'),
(94, 'Violet', 'James', '1999-03-02', 'Female', '741 Birch St', '5556789', 'violetjames@gmail.com', 'Samuel James', '5558761'),
(95, 'Nolan', 'Cameron', '1990-01-14', 'Male', '963 Oak St', '5557655', 'nolancameron@gmail.com', 'Rachel Cameron', '5557653'),
(96, 'Leila', 'Griffin', '1995-12-21', 'Female', '321 Birch St', '5552344', 'leilagriffin@gmail.com', 'Thomas Griffin', '5556540'),
(97, 'Aidan', 'Clark', '1994-07-04', 'Male', '654 Oak St', '5558763', 'aidanclark@gmail.com', 'Victoria Clark', '5559878'),
(98, 'Hannah', 'Long', '1988-11-12', 'Female', '852 Birch St', '5554328', 'hannahlong@gmail.com', 'John Long', '5557656'),
(99, 'Landon', 'Gonzalez', '1992-02-14', 'Male', '963 Cedar St', '5553453', 'landongonzalez@gmail.com', 'Carmen Gonzalez', '5559873'),
(100, 'Grace', 'Stewart', '1996-08-20', 'Female', '741 Pine St', '5559879', 'gracestewart@gmail.com', 'Liam Stewart', '5556547');





insert into appointments(appointment_id, patient_id, doctor_id, department_id, appointment_date, appointment_time, status) values
(1, 17, 15, 4, '2024-02-21', '10:50', 'Scheduled'),
(2, 68, 12, 5, '2023-10-18', '11:40', 'Cancelled'),
(3, 21, 3, 3, '2023-10-02', '13:00', 'Completed'),
(4, 7, 5, 1, '2024-01-02', '17:20', 'Scheduled'),
(5, 32, 13, 6, '2023-10-08', '08:30', 'Cancelled'),
(6, 43, 1, 4, '2023-11-12', '09:00', 'Cancelled'),
(7, 82, 7, 7, '2023-09-12', '14:15', 'Completed'),
(8, 90, 2, 5, '2024-01-12', '15:25', 'Scheduled'),
(9, 86, 1, 4, '2024-01-03', '12:00', 'Cancelled'),
(10, 73, 8, 3, '2023-07-25', '13:00', 'Completed'),
(11, 80, 5, 1, '2024-04-07', '12:10', 'Scheduled'),
(12, 3, 11, 4, '2023-12-24', '12:00', 'Cancelled'),
(13, 61, 3, 3, '2023-08-17', '14:40', 'Completed'),
(14, 26, 9, 1, '2024-02-14', '19:00', 'Cancelled'),
(15, 37, 15, 4, '2024-03-18', '18:00', 'Scheduled'),
(16, 64, 4, 2, '2023-11-16', '10:20', 'Completed'),
(17, 27, 2, 5, '2024-04-10', '17:50', 'Scheduled'),
(18, 29, 6, 6, '2023-10-02', '15:00', 'Completed'),
(19, 40, 2, 5, '2024-02-15', '14:30', 'Scheduled'),
(20, 17, 9, 1, '2023-12-06', '12:00', 'Cancelled'),
(21, 82, 4, 2, '2024-02-20', '18:00', 'Scheduled'),
(22, 63, 3, 3, '2023-11-09', '09:30', 'Completed'),
(23, 31, 8, 3, '2024-03-14', '16:45', 'Scheduled'),
(24, 45, 15, 4, '2023-10-28', '10:10', 'Completed'),
(25, 49, 15, 4, '2024-02-22', '19:00', 'Scheduled'),
(26, 33, 9, 1, '2023-11-03', '13:30', 'Cancelled'),
(27, 41, 10, 2, '2024-01-28', '10:50', 'Scheduled'),
(28, 19, 8, 3, '2023-09-20', '14:30', 'Completed'),
(29, 85, 2, 5, '2024-03-04', '08:45', 'Scheduled'),
(30, 42, 11, 4, '2023-10-12', '13:15', 'Completed'),
(31, 74, 13, 6, '2024-01-15', '11:00', 'Scheduled'),
(32, 67, 3, 3, '2024-03-02', '14:20', 'Scheduled'),
(33, 47, 4, 2, '2024-01-20', '13:30', 'Scheduled'),
(34, 94, 2, 5, '2023-12-08', '16:50', 'Completed'),
(35, 89, 5, 1, '2024-04-09', '12:00', 'Scheduled'),
(36, 91, 3, 3, '2023-09-15', '09:40', 'Completed'),
(37, 72, 5, 1, '2024-02-02', '10:00', 'Scheduled'),
(38, 58, 11, 4, '2023-10-13', '12:30', 'Completed'),
(39, 87, 8, 3, '2023-12-23', '16:00', 'Cancelled'),
(40, 29, 15, 4, '2024-04-12', '14:10', 'Scheduled'),
(41, 91, 10, 2, '2024-02-17', '10:00', 'Scheduled'),
(42, 36, 12, 5, '2024-01-11', '15:00', 'Cancelled'),
(43, 11, 8, 3, '2023-10-05', '18:00', 'Completed'),
(44, 24, 5, 1, '2024-01-21', '09:00', 'Scheduled'),
(45, 22, 8, 3, '2024-03-05', '12:00', 'Scheduled'),
(46, 62, 6, 6, '2024-02-09', '17:10', 'Scheduled'),
(47, 9, 1, 4, '2023-10-11', '08:00', 'Cancelled'),
(48, 42, 10, 2, '2024-02-17', '13:00', 'Scheduled'),
(49, 28, 5, 1, '2023-09-17', '14:30', 'Completed'),
(50, 48, 3, 3, '2024-03-04', '11:00', 'Cancelled'),
(51, 69, 14, 7, '2024-04-02', '09:00', 'Scheduled'),
(52, 94, 10, 2, '2023-11-08', '12:30', 'Completed'),
(53, 81, 13, 6, '2024-03-13', '15:00', 'Scheduled'),
(54, 19, 9, 1, '2023-09-09', '18:30', 'Cancelled'),
(55, 51, 7, 7, '2023-10-04', '17:10', 'Completed'),
(56, 96, 2, 5, '2024-01-24', '14:30', 'Scheduled'),
(57, 34, 11, 4, '2023-12-21', '19:00', 'Completed'),
(58, 30, 3, 3, '2023-10-06', '08:30', 'Completed'),
(59, 52, 5, 1, '2024-03-01', '13:30', 'Scheduled'),
(60, 88, 5, 1, '2023-12-17', '09:00', 'Completed'),
(61, 92, 7, 7, '2024-02-24', '14:10', 'Scheduled'),
(62, 72, 12, 5, '2023-11-25', '12:30', 'Cancelled'),
(63, 59, 8, 3, '2024-03-08', '17:00', 'Scheduled'),
(64, 16, 5, 1, '2023-10-15', '11:00', 'Completed'),
(65, 89, 11, 4, '2024-02-27', '15:10', 'Scheduled'),
(66, 60, 14, 7, '2023-11-04', '13:40', 'Cancelled'),
(67, 31, 14, 7, '2024-01-30', '16:30', 'Scheduled'),
(68, 95, 5, 1, '2023-09-12', '10:50', 'Completed'),
(69, 56, 15, 4, '2024-03-01', '17:15', 'Scheduled'),
(70, 39, 7, 7, '2024-01-03', '14:30', 'Scheduled'),
(71, 52, 3, 3, '2023-12-18', '12:10', 'Cancelled'),
(72, 51, 4, 2, '2023-10-28', '08:50', 'Completed'),
(73, 70, 2, 5, '2024-03-03', '17:20', 'Scheduled'),
(74, 83, 1, 4, '2023-12-24', '14:00', 'Cancelled'),
(75, 25, 11, 4, '2024-02-20', '13:40', 'Scheduled'),
(76, 84, 5, 1, '2023-09-13', '16:30', 'Completed'),
(77, 38, 14, 7, '2024-04-08', '14:00', 'Scheduled'),
(78, 28, 10, 2, '2023-12-02', '12:40', 'Cancelled'),
(79, 20, 5, 1, '2024-03-09', '17:50', 'Scheduled'),
(80, 5, 3, 3, '2023-11-11', '15:20', 'Completed'),
(81, 27, 15, 4, '2024-04-15', '13:10', 'Scheduled'),
(82, 50, 9, 1, '2024-01-02', '10:00', 'Cancelled'),
(83, 55, 14, 7, '2023-11-30', '14:30', 'Completed'),
(84, 55, 4, 2, '2024-02-27', '16:30', 'Scheduled'),
(85, 8, 12, 5, '2023-12-14', '10:20', 'Cancelled'),
(86, 59, 11, 4, '2023-11-07', '09:30', 'Completed'),
(87, 61, 5, 1, '2024-02-01', '12:30', 'Scheduled'),
(88, 54, 7, 7, '2023-10-22', '13:30', 'Completed'),
(89, 54, 10, 2, '2024-01-18', '17:00', 'Scheduled'),
(90, 67, 8, 3, '2024-03-11', '15:00', 'Scheduled'),
(91, 6, 8, 3, '2023-12-19', '14:10', 'Completed'),
(92, 53, 2, 5, '2024-03-30', '08:50', 'Scheduled'),
(93, 93, 1, 4, '2023-12-25', '19:00', 'Cancelled'),
(94, 99, 13, 6, '2024-04-05', '14:50', 'Scheduled'),
(95, 32, 5, 1, '2023-09-10', '11:00', 'Completed'),
(96, 10, 7, 7, '2023-08-06', '13:00', 'Completed'),
(97, 46, 9, 1, '2023-10-14', '17:20', 'Cancelled'),
(98, 10, 10, 2, '2024-02-13', '15:30', 'Scheduled'),
(99, 57, 15, 4, '2023-12-13', '10:40', 'Completed'),
(100, 66, 2, 5, '2024-02-19', '16:20', 'Scheduled'),
(101, 79, 14, 7, '2024-01-13', '09:00', 'Scheduled'),
(102, 77, 3, 3, '2023-09-28', '10:30', 'Completed'),
(103, 78, 13, 6, '2024-02-21', '13:50', 'Scheduled'),
(104, 71, 5, 1, '2023-10-18', '11:20', 'Completed'),
(105, 76, 9, 1, '2024-01-29', '12:30', 'Cancelled'),
(106, 12, 1, 4, '2023-11-22', '15:00', 'Cancelled'),
(107, 14, 2, 5, '2024-03-06', '17:10', 'Scheduled'),
(108, 75, 7, 7, '2023-10-05', '09:30', 'Completed'),
(109, 13, 11, 4, '2023-12-12', '17:00', 'Completed'),
(110, 1, 8, 3, '2024-03-21', '11:30', 'Scheduled'),
(111, 65, 5, 1, '2023-10-19', '16:10', 'Completed'),
(112, 79, 10, 2, '2024-01-25', '14:30', 'Scheduled'),
(113, 23, 2, 5, '2023-11-01', '08:20', 'Completed'),
(114, 15, 14, 7, '2024-02-11', '17:00', 'Scheduled'),
(115, 18, 9, 1, '2023-09-22', '14:30', 'Cancelled'),
(116, 75, 4, 2, '2024-03-27', '10:00', 'Scheduled'),
(117, 98, 2, 5, '2024-01-04', '12:50', 'Scheduled'),
(118, 97, 7, 7, '2023-10-09', '19:10', 'Completed'),
(119, 97, 4, 2, '2024-01-07', '13:10', 'Cancelled'),
(120, 68, 5, 1, '2023-11-14', '16:20', 'Completed'),
(121, 12, 6, 6, '2024-02-25', '09:30', 'Scheduled'),
(122, 15, 8, 3, '2023-10-23', '17:30', 'Completed'),
(123, 90, 15, 4, '2024-04-16', '13:10', 'Scheduled'),
(124, 100, 12, 5, '2023-11-03', '15:00', 'Completed'),
(125, 15, 10, 2, '2024-03-08', '10:40', 'Scheduled'),
(126, 14, 5, 1, '2024-01-09', '14:20', 'Scheduled'),
(127, 60, 2, 7, '2023-12-30', '17:00', 'Completed'),
(128, 85, 6, 6, '2024-01-12', '13:40', 'Scheduled'),
(129, 77, 1, 4, '2023-10-17', '10:10', 'Completed'),
(130, 25, 12, 5, '2023-11-28', '15:30', 'Cancelled'),
(131, 70, 7, 7, '2024-03-13', '16:00', 'Scheduled'),
(132, 37, 6, 6, '2023-11-06', '11:50', 'Cancelled'),
(133, 66, 2, 5, '2024-01-13', '17:30', 'Scheduled'),
(134, 39, 4, 2, '2024-02-08', '10:50', 'Scheduled'),
(135, 1, 9, 1, '2023-10-08', '15:40', 'Completed'),
(136, 56, 14, 7, '2023-09-30', '13:10', 'Cancelled'),
(137, 22, 5, 1, '2024-04-11', '14:00', 'Scheduled'),
(138, 45, 3, 3, '2023-10-03', '08:30', 'Completed'),
(139, 23, 8, 3, '2024-01-02', '12:40', 'Scheduled'),
(140, 26, 5, 1, '2023-12-28', '14:50', 'Completed'),
(141, 21, 1, 4, '2023-09-28', '13:20', 'Cancelled'),
(142, 24, 14, 7, '2024-01-19', '10:10', 'Scheduled'),
(143, 92, 10, 2, '2024-03-18', '15:20', 'Scheduled'),
(144, 4, 7, 7, '2023-11-18', '11:30', 'Completed'),
(145, 62, 6, 6, '2024-02-17', '13:10', 'Scheduled'),
(146, 3, 3, 3, '2023-09-20', '12:20', 'Cancelled'),
(147, 8, 5, 1, '2024-01-14', '08:50', 'Scheduled'),
(148, 4, 4, 2, '2023-12-22', '14:30', 'Completed'),
(149, 18, 11, 4, '2024-02-26', '10:40', 'Scheduled'),
(150, 7, 13, 6, '2024-01-28', '13:00', 'Scheduled'),
(151, 34, 12, 5, '2023-10-21', '14:20', 'Completed'),
(152, 49, 8, 3, '2024-03-10', '09:00', 'Scheduled'),
(153, 93, 14, 7, '2023-10-07', '16:10', 'Completed'),
(154, 40, 7, 7, '2024-01-08', '14:30', 'Scheduled'),
(155, 61, 9, 1, '2023-12-29', '13:00', 'Cancelled'),
(156, 40, 10, 2, '2023-11-30', '10:00', 'Scheduled'),
(157, 33, 1, 4, '2023-09-24', '17:40', 'Cancelled'),
(158, 38, 3, 3, '2024-02-23', '16:00', 'Scheduled'),
(159, 95, 15, 4, '2024-04-10', '11:40', 'Scheduled'),
(160, 87, 6, 6, '2023-09-11', '14:00', 'Completed'),
(161, 71, 14, 7, '2024-01-16', '10:20', 'Scheduled'),
(162, 43, 3, 3, '2024-01-12', '13:50', 'Cancelled'),
(163, 46, 5, 1, '2024-02-02', '15:20', 'Scheduled'),
(164, 47, 9, 1, '2023-10-01', '10:30', 'Completed'),
(165, 71, 10, 2, '2024-03-12', '09:40', 'Scheduled'),
(166, 6, 12, 5, '2024-02-05', '14:10', 'Cancelled'),
(167, 9, 1, 4, '2023-11-21', '16:00', 'Cancelled'),
(168, 11, 11, 4, '2024-03-25', '11:20', 'Scheduled'),
(169, 13, 5, 1, '2024-02-14', '15:30', 'Scheduled'),
(170, 93, 4, 2, '2024-01-07', '12:00', 'Scheduled'),
(171, 98, 3, 3, '2023-09-10', '17:30', 'Completed'),
(172, 99, 14, 7, '2023-12-15', '14:00', 'Cancelled'),
(173, 100, 2, 5, '2024-04-18', '12:20', 'Scheduled'),
(174, 99, 4, 2, '2023-12-07', '15:00', 'Completed'),
(175, 58, 3, 3, '2024-03-22', '13:10', 'Scheduled'),
(176, 57, 11, 4, '2023-10-22', '09:00', 'Completed'),
(177, 81, 13, 6, '2024-02-18', '10:30', 'Scheduled'),
(178, 83, 9, 1, '2023-12-03', '13:40', 'Completed'),
(179, 16, 12, 5, '2023-11-10', '17:30', 'Cancelled'),
(180, 2, 7, 7, '2024-01-05', '08:50', 'Scheduled'),
(181, 96, 12, 5, '2023-10-04', '16:10', 'Completed'),
(182, 57, 14, 7, '2024-03-28', '14:50', 'Scheduled'),
(183, 50, 9, 1, '2023-09-26', '10:00', 'Completed'),
(184, 48, 5, 1, '2023-04-13', '11:30', 'Scheduled'),
(185, 44, 3, 3, '2024-01-17', '13:40', 'Scheduled'),
(186, 5, 11, 4, '2024-04-06', '15:00', 'Scheduled'),
(187, 2, 10, 2, '2023-12-29', '08:00', 'Completed'),
(188, 89, 6, 6, '2024-01-04', '16:20', 'Scheduled'),
(189, 88, 8, 3, '2023-10-23', '14:40', 'Completed'),
(190, 73, 5, 1, '2024-04-03', '13:30', 'Scheduled'),
(191, 76, 5, 1, '2024-01-22', '14:00', 'Scheduled'),
(192, 74, 6, 6, '2023-09-09', '10:10', 'Completed'),
(193, 38, 7, 7, '2024-02-06', '17:10', 'Scheduled'),
(194, 80, 15, 4, '2024-03-30', '12:00', 'Scheduled'),
(195, 35, 8, 3, '2024-01-14', '13:50', 'Cancelled'),
(196, 76, 2, 5, '2024-01-09', '11:40', 'Scheduled'),
(197, 20, 9, 1, '2023-09-15', '14:20', 'Cancelled'),
(198, 30, 3, 3, '2024-02-04', '17:30', 'Scheduled'),
(199, 64, 4, 2, '2024-02-14', '11:00', 'Scheduled'),
(200, 36, 13, 6, '2023-09-17', '12:40', 'Completed');

insert into medicine (medicine_id, medicine_name, manufacturer, stock_quantity, price) values
-- Neurology
(1, 'NeuroMed', 'NeuroPharma', 350, 25.00),
(2, 'BrainAid', 'Cerebra Med', 400, 18.00),

-- Surgery
(3, 'Surgical Solution', 'Med Surg', 500, 30.00),
(4, 'QuickHeal', 'Surgicare', 450, 22.50),

-- Pediatrics
(5, 'ChildCare Syrup', 'Pediatrica', 600, 12.00),
(6, 'GrowthPlus', 'PediaPharm', 550, 14.50),

-- Cardiology
(7, 'CardioAid', 'HeartCare Inc', 700, 35.00),
(8, 'CardioPro', 'CardioPlus', 650, 28.00),

-- Gynecology
(9, 'GynecoPlus', 'FemCare', 400, 20.00),
(10, 'Femoral Care', 'Femina Health', 350, 18.50),

-- Laboratory
(11, 'LabTest Kit A', 'BioLabs', 800, 50.00),
(12, 'Blood Sample Reagents', 'LabTech', 750, 45.00),

-- Orthopedics
(13, 'BoneFixer', 'OrthoMed', 450, 40.00),
(14, 'OrthoCare Gel', 'OrthoPlus', 500, 38.00),

-- General Medicine
(15, 'GeneralPain Relief', 'MediCorp', 900, 10.00),
(16, 'HealthPlus Multivitamins', 'Global Health', 1000, 8.00),
(17, 'ColdCure', 'PharmaGlobal', 650, 12.00),
(18, 'CoughSoothe', 'HealthLine', 700, 11.00),
(19, 'DigestAid', 'PharmaCare', 850, 9.50),
(20, 'SleepWell', 'PharmaEase', 800, 13.00);




insert into medical_records(record_id, patient_id, doctor_id, visit_date, diagnosis, treatment_plan, prescription) values
(1, 17, 15, NULL, NULL, NULL, NULL),
(2, 68, 12, NULL, NULL, NULL, NULL),
(3, 21, 3, '2023-10-02', 'Flu', 'Rest and fluids', 'ChildCare Syrup'),
(4, 7, 5, NULL, NULL, NULL, NULL),
(5, 32, 13, NULL, NULL, NULL, NULL),
(6, 43, 1, NULL, NULL, NULL, NULL),
(7, 82, 7, '2023-09-12', 'Fracture', 'Physical therapy', 'BoneFixer'),
(8, 90, 2, NULL, NULL, NULL, NULL),
(9, 86, 1, NULL, NULL, NULL, NULL),
(10, 80, 5, NULL, NULL, NULL, NULL),
(11, 26, 9, NULL, NULL, NULL, NULL),
(12, 37, 15, NULL, NULL, NULL, NULL),
(13, 64, 4, '2023-11-16', 'Post-surgery recovery', 'Physical therapy', 'QuickHeal'),
(14, 27, 2, NULL, NULL, NULL, NULL),
(15, 41, 11, '2023-10-25', 'High cholesterol', 'Supplements', 'CardioAid'),
(16, 35, 9, NULL, NULL, NULL, NULL),
(17, 44, 8, NULL, NULL, NULL, NULL),
(18, 29, 6, '2023-10-02', 'General Checkup', 'Routine Follow-up', 'Blood Sample Reagents'),
(19, 40, 2, NULL, NULL, NULL, NULL),
(20, 17, 9, NULL, NULL, NULL, NULL),
(21, 82, 4, NULL, NULL, NULL, NULL),
(22, 63, 3, '2023-11-09', 'Flu', 'Rest and fluids', 'CoughSoothe'),
(23, 31, 8, NULL, NULL, NULL, NULL),
(24, 45, 15, '2023-10-28', 'Hypertension', 'Lifestyle changes', 'CardioPro'),
(25, 49, 15, NULL, NULL, NULL, NULL),
(26, 33, 9, NULL, NULL, NULL, NULL),
(27, 41, 10, NULL, NULL, NULL, NULL),
(28, 19, 8, '2023-09-20', 'General Checkup', 'Routine Follow-up', 'GrowthPlus'),
(29, 85, 2, NULL, NULL, NULL, NULL),
(30, 42, 11, '2023-10-12', 'Checkup', 'Supplements', 'HealthPlus Multivitamins'),
(31, 74, 13, NULL, NULL, NULL, NULL),
(32, 67, 3, NULL, NULL, NULL, NULL),
(33, 47, 4, NULL, NULL, NULL, NULL),
(34, 94, 2, '2023-12-08', 'Dysmenorrhea', 'Supplements', 'GynecoPlus'),
(35, 89, 5, NULL, NULL, NULL, NULL),
(36, 91, 3, '2023-09-15', 'Flu', 'Rest and fluids', 'CoughSoothe'),
(37, 72, 5, NULL, NULL, NULL, NULL),
(38, 58, 11, '2023-10-13', 'High cholesterol', 'Lifestyle changes', 'CardioAid'),
(39, 87, 8, NULL, NULL, NULL, NULL),
(40, 29, 15, NULL, NULL, NULL, NULL),
(41, 91, 10, NULL, NULL, NULL, NULL),
(42, 36, 12, NULL, NULL, NULL, NULL),
(43, 11, 8, '2023-10-05', 'General Checkup', 'Routine Follow-up', 'GrowthPlus'),
(44, 24, 5, NULL, NULL, NULL, NULL),
(45, 22, 8, NULL, NULL, NULL, NULL),
(46, 62, 6, NULL, NULL, NULL, NULL),
(47, 9, 1, NULL, NULL, NULL, NULL),
(48, 42, 10, NULL, NULL, NULL, NULL),
(49, 28, 5, '2023-09-17', 'Neuropathy', 'Medication', 'NeuroMed'),
(50, 48, 3, NULL, NULL, NULL, NULL),
(51, 69, 14, NULL, NULL, NULL, NULL),
(52, 94, 10, '2023-11-08', 'Post-surgery recovery', 'Physical therapy', 'Surgical Solution'),
(53, 81, 13, NULL, NULL, NULL, NULL),
(54, 19, 9, NULL, NULL, NULL, NULL),
(55, 51, 7, '2023-10-04', 'Sprain', 'Surgery', 'OrthoCare Gel'),
(56, 96, 2, NULL, NULL, NULL, NULL),
(57, 34, 11, '2023-12-21', 'Hypertension', 'Lifestyle changes', 'CardioPro'),
(58, 30, 3, '2023-10-06', 'Flu', 'Rest and fluids', 'ChildCare Syrup'),
(59, 52, 5, NULL, NULL, NULL, NULL),
(60, 88, 5, '2023-12-17', 'Cognitive Decline', 'Lifestyle changes', 'SleepWell'),
(61, 92, 7, NULL, NULL, NULL, NULL),
(62, 72, 12, NULL, NULL, NULL, NULL),
(63, 59, 8, NULL, NULL, NULL, NULL),
(64, 16, 5, '2023-10-15', 'Cognitive Decline', 'Supplements', 'BrainAid'),
(65, 89, 11, NULL, NULL, NULL, NULL),
(66, 60, 14, NULL, NULL, NULL, NULL),
(67, 31, 14, NULL, NULL, NULL, NULL),
(68, 95, 5, '2023-09-12', 'Neuropathy', 'Medication', 'NeuroMed'),
(69, 56, 15, NULL, NULL, NULL, NULL),
(70, 39, 7, NULL, NULL, NULL, NULL),
(71, 52, 3, NULL, NULL, NULL, NULL),
(72, 51, 4, '2023-10-28', 'Post-surgery recovery', 'Physical therapy', 'QuickHeal'),
(73, 70, 2, NULL, NULL, NULL, NULL),
(74, 83, 1, NULL, NULL, NULL, NULL),
(75, 25, 11, NULL, NULL, NULL, NULL),
(76, 84, 5, '2023-09-13', 'Cognitive Decline', 'Lifestyle changes', 'SleepWell'),
(77, 38, 14, NULL, NULL, NULL, NULL),
(78, 28, 10, NULL, NULL, NULL, NULL),
(79, 20, 5, NULL, NULL, NULL, NULL),
(80, 5, 3, '2023-11-11', 'Flu', 'Rest and fluids', 'CoughSoothe'),
(81, 27, 15, NULL, NULL, NULL, NULL),
(82, 50, 9, NULL, NULL, NULL, NULL),
(83, 55, 14, '2023-11-30', 'Fracture', 'Physical therapy', 'BoneFixer'),
(84, 55, 4, NULL, NULL, NULL, NULL),
(85, 8, 12, NULL, NULL, NULL, NULL),
(86, 59, 11, '2023-11-07', 'High cholesterol', 'Supplements', 'CardioPro'),
(87, 61, 5, NULL, NULL, NULL, NULL),
(88, 54, 7, '2023-10-22', 'Sprain', 'Physical therapy', 'OrthoCare Gel'),
(89, 54, 10, NULL, NULL, NULL, NULL),
(90, 67, 8, NULL, NULL, NULL, NULL),
(91, 6, 8, '2023-12-19', 'General Checkup', 'Routine Follow-up', 'GrowthPlus'),
(92, 53, 2, NULL, NULL, NULL, NULL),
(93, 93, 1, NULL, NULL, NULL, NULL),
(94, 99, 13, NULL, NULL, NULL, NULL),
(95, 32, 5, '2023-09-10', 'Cognitive Decline', 'Supplements', 'BrainAid'),
(96, 10, 7, '2023-08-06', 'Fracture', 'Physical therapy', 'BoneFixer'),
(97, 46, 9, NULL, NULL, NULL, NULL),
(98, 10, 10, NULL, NULL, NULL, NULL),
(99, 57, 15, '2023-12-13', 'Hypertension', 'Lifestyle changes', 'CardioAid'),
(100, 66, 2, NULL, NULL, NULL, NULL),
(101, 79, 14, NULL, NULL, NULL, NULL),
(102, 77, 3, '2023-09-28', 'Flu', 'Rest and fluids', 'ChildCare Syrup'),
(103, 78, 13, NULL, NULL, NULL, NULL),
(104, 71, 5, '2023-10-18', 'Neuropathy', 'Medication', 'NeuroMed'),
(105, 76, 9, NULL, NULL, NULL, NULL),
(106, 12, 1, NULL, NULL, NULL, NULL),
(107, 14, 2, NULL, NULL, NULL, NULL),
(108, 75, 7, '2023-10-05', 'Sprain', 'Physical therapy', 'OrthoCare Gel'),
(109, 13, 11, '2023-12-12', 'High cholesterol', 'Supplements', 'CardioPro'),
(110, 1, 8, NULL, NULL, NULL, NULL),
(111, 65, 5, '2023-10-19', 'Cognitive Decline', 'Lifestyle changes', 'SleepWell'),
(112, 79, 10, NULL, NULL, NULL, NULL),
(113, 23, 2, '2023-11-01', 'Osteoporosis', 'Supplements', 'Femoral Care'),
(114, 15, 14, NULL, NULL, NULL, NULL),
(115, 18, 9, NULL, NULL, NULL, NULL),
(116, 75, 4, NULL, NULL, NULL, NULL),
(117, 98, 2, NULL, NULL, NULL, NULL),
(118, 97, 7, '2023-10-09', 'Fracture', 'Physical therapy', 'BoneFixer'),
(119, 97, 4, NULL, NULL, NULL, NULL),
(120, 68, 5, '2023-11-14', 'Neuropathy', 'Medication', 'NeuroMed'),
(121, 12, 6, NULL, NULL, NULL, NULL),
(122, 15, 8, '2023-10-23', 'General Checkup', 'Routine Follow-up', 'GrowthPlus'),
(123, 90, 15, NULL, NULL, NULL, NULL),
(124, 100, 12, '2023-11-03', 'Irregular cycles', 'Supplements', 'GynecoPlus'),
(125, 15, 10, NULL, NULL, NULL, NULL),
(126, 14, 5, NULL, NULL, NULL, NULL),
(127, 60, 2, '2023-12-30', 'Arthritis', 'Lifestyle changes', 'Femoral Care'),
(128, 85, 6, NULL, NULL, NULL, NULL),
(129, 77, 1, '2023-10-17', 'Checkup', 'Supplements', 'HealthPlus Multivitamins'),
(130, 25, 12, NULL, NULL, NULL, NULL),
(131, 70, 7, NULL, NULL, NULL, NULL),
(132, 37, 6, NULL, NULL, NULL, NULL),
(133, 66, 2, NULL, NULL, NULL, NULL),
(134, 39, 4, NULL, NULL, NULL, NULL),
(135, 1, 9, '2023-10-08', 'Cognitive Decline', 'Lifestyle changes', 'SleepWell'),
(136, 56, 14, NULL, NULL, NULL, NULL),
(137, 22, 5, NULL, NULL, NULL, NULL),
(138, 45, 3, '2023-10-03', 'Flu', 'Rest and fluids', 'CoughSoothe'),
(139, 23, 8, NULL, NULL, NULL, NULL),
(140, 26, 5, '2023-12-28', 'Cognitive Decline', 'Supplements', 'BrainAid'),
(141, 21, 1, NULL, NULL, NULL, NULL),
(142, 24, 14, NULL, NULL, NULL, NULL),
(143, 92, 10, NULL, NULL, NULL, NULL),
(144, 4, 7, '2023-11-18', 'Sprain', 'Physical therapy', 'OrthoCare Gel'),
(145, 62, 6, NULL, NULL, NULL, NULL),
(146, 3, 3, NULL, NULL, NULL, NULL),
(147, 8, 5, NULL, NULL, NULL, NULL),
(148, 4, 4, '2023-12-22', 'Post-surgery recovery', 'Physical therapy', 'Surgical Solution'),
(149, 18, 11, NULL, NULL, NULL, NULL),
(150, 7, 13, NULL, NULL, NULL, NULL),
(151, 34, 12, '2023-10-21', 'Dysmenorrhea', 'Lifestyle changes', 'GynecoPlus'),
(152, 49, 8, NULL, NULL, NULL, NULL),
(153, 93, 14, '2023-10-07', 'Fracture', 'Physical therapy', 'BoneFixer'),
(154, 40, 7, NULL, NULL, NULL, NULL),
(155, 61, 9, NULL, NULL, NULL, NULL),
(156, 40, 10, NULL, NULL, NULL, NULL),
(157, 33, 1, NULL, NULL, NULL, NULL),
(158, 38, 3, NULL, NULL, NULL, NULL),
(159, 95, 15, NULL, NULL, NULL, NULL),
(160, 87, 6, '2023-09-11', 'General Checkup', 'Routine Follow-up', 'LabTest Kit A'),
(161, 71, 14, NULL, NULL, NULL, NULL),
(162, 43, 3, NULL, NULL, NULL, NULL),
(163, 46, 5, NULL, NULL, NULL, NULL),
(164, 47, 9, '2023-10-01', 'Neuropathy', 'Medication', 'NeuroMed'),
(165, 71, 10, NULL, NULL, NULL, NULL),
(166, 6, 12, NULL, NULL, NULL, NULL),
(167, 9, 1, NULL, NULL, NULL, NULL),
(168, 11, 11, NULL, NULL, NULL, NULL),
(169, 13, 5, NULL, NULL, NULL, NULL),
(170, 93, 4, NULL, NULL, NULL, NULL),
(171, 98, 3, '2023-09-10', 'Flu', 'Rest and fluids', 'ChildCare Syrup'),
(172, 99, 14, NULL, NULL, NULL, NULL),
(173, 100, 2, NULL, NULL, NULL, NULL),
(174, 99, 4, '2023-12-07', 'Post-surgery recovery', 'Physical therapy', 'QuickHeal'),
(175, 58, 3, NULL, NULL, NULL, NULL),
(176, 57, 11, '2023-10-22', 'High cholesterol', 'Lifestyle changes', 'CardioAid'),
(177, 81, 13, NULL, NULL, NULL, NULL),
(178, 83, 9, '2023-12-03', 'Cognitive Decline', 'Lifestyle changes', 'SleepWell'),
(179, 16, 12, NULL, NULL, NULL, NULL),
(180, 2, 7, NULL, NULL, NULL, NULL),
(181, 96, 12, '2023-10-04', 'Arthritis', 'Supplements', 'Femoral Care'),
(182, 57, 14, NULL, NULL, NULL, NULL),
(183, 50, 9, '2023-09-26', 'Cognitive Decline', 'Supplements', 'BrainAid'),
(184, 48, 5, NULL, NULL, NULL, NULL),
(185, 44, 3, NULL, NULL, NULL, NULL),
(186, 5, 11, NULL, NULL, NULL, NULL),
(187, 2, 10, '2023-12-29', 'Post-surgery recovery', 'Physical therapy', 'Surgical Solution'),
(188, 89, 6, NULL, NULL, NULL, NULL),
(189, 88, 8, '2023-10-23', 'General Checkup', 'Routine Follow-up', 'GrowthPlus'),
(190, 73, 5, NULL, NULL, NULL, NULL),
(191, 76, 5, NULL, NULL, NULL, NULL),
(192, 74, 6, '2023-09-09', 'General Checkup', 'Routine Follow-up', 'LabTest Kit A'),
(193, 38, 7, NULL, NULL, NULL, NULL),
(194, 80, 15, NULL, NULL, NULL, NULL),
(195, 35, 8, NULL, NULL, NULL, NULL),
(196, 76, 2, NULL, NULL, NULL, NULL),
(197, 20, 9, NULL, NULL, NULL, NULL),
(198, 30, 3, NULL, NULL, NULL, NULL),
(199, 64, 4, NULL, NULL, NULL, NULL),
(200, 36, 13, '2023-09-17', 'General Checkup', 'Routine Follow-up', 'Blood Sample Reagents');



insert into prescription(prescription_id, record_id, medicine_id, dosage, frequency, duration) values
	(1, 1, NULL, NULL, NULL, NULL),
    (2, 2, NULL, NULL, NULL, NULL),
    (3, 3, 5, '500mg', 'Three times a day', '10 days'), 
    (4, 4, NULL, NULL, NULL, NULL),
    (5, 5, NULL, NULL, NULL, NULL),
    (6, 6, NULL, NULL, NULL, NULL),
    (7, 7, 13, '50mg', 'Every 8 hours', '7 days'),  
    (8, 8, NULL, NULL, NULL, NULL),
    (9, 9, NULL, NULL, NULL, NULL),
    (10, 10, NULL, NULL, NULL, NULL),
    (11, 11, NULL, NULL, NULL, NULL),
    (12, 12, NULL, NULL, NULL, NULL),
    (13, 13, 4, '10mg', 'Twice a day', '30 days'),  
    (14, 14, NULL, NULL, NULL, NULL),
    (15, 15, 8, '1 tablet', 'Once a day', '30 days'),
    (16, 16, NULL, NULL, NULL, NULL),
    (17, 17, NULL, NULL, NULL, NULL),
    (18, 18, 12, '1 tablet', 'Once a day', '30 days'), 
    (19, 19, NULL, NULL, NULL, NULL),
    (20, 20, NULL, NULL, NULL, NULL),
    (21, 21, NULL, NULL, NULL, NULL),
    (22, 22, 5, '500mg', 'Three times a day', '10 days'), 
    (23, 23, NULL, NULL, NULL, NULL),
    (24, 24, 7, '10mg', 'Twice a day', '30 days'),
    (25, 25, NULL, NULL, NULL, NULL),
    (26, 26, NULL, NULL, NULL, NULL),
    (27, 27, NULL, NULL, NULL, NULL),
    (28, 28, 6, '1 tablet', 'Once a day', '30 days'),
    (29, 29, NULL, NULL, NULL, NULL),
    (30, 30, 16, '1 tablet', 'Once a day', '30 days'),
    (31, 31, NULL, NULL, NULL, NULL),
    (32, 32, NULL, NULL, NULL, NULL),
    (33, 33, NULL, NULL, NULL, NULL),
    (34, 34, 9, '5mg', 'Once a day', '15 days'), 
    (35, 35, NULL, NULL, NULL, NULL),
    (36, 36, 18, '500mg', 'Three times a day', '10 days'), 
    (37, 37, NULL, NULL, NULL, NULL),
    (38, 38, 7, '1 tablet', 'Once a day', '30 days'), 
    (39, 39, NULL, NULL, NULL, NULL),
    (40, 40, NULL, NULL, NULL, NULL),
    (41, 41, NULL, NULL, NULL, NULL),
    (42, 42, NULL, NULL, NULL, NULL),
    (43, 43, 6, '1 tablet', 'Once a day', '30 days'), 
    (44, 44, NULL, NULL, NULL, NULL),
    (45, 45, NULL, NULL, NULL, NULL),
    (46, 46, NULL, NULL, NULL, NULL),
    (47, 47, NULL, NULL, NULL, NULL),
    (48, 48, NULL, NULL, NULL, NULL),
    (49, 49, 1, '1 tablet', 'Once a day', '30 days'), 
    (50, 50, NULL, NULL, NULL, NULL),
    (51, 51, NULL, NULL, NULL, NULL),
    (52, 52, 3, '5mg', 'Once a day', '15 days'), 
    (53, 53, NULL, NULL, NULL, NULL),
    (54, 54, NULL, NULL, NULL, NULL),
    (55, 55, 14, '50mg', 'Every 8 hours', '7 days'), 
    (56, 56, NULL, NULL, NULL, NULL),
    (57, 57, 8, '1 tablet', 'Once a day', '30 days'), 
    (58, 58, 5, '500mg', 'Three times a day', '10 days'),
    (59, 59, NULL, NULL, NULL, NULL),
    (60, 60, 20, '1 tablet', 'Once a day', '30 days'), 
    (61, 61, NULL, NULL, NULL, NULL),
    (62, 62, NULL, NULL, NULL, NULL),
    (63, 63, NULL, NULL, NULL, NULL),
    (64, 64, 2, '1 tablet', 'Once a day', '30 days'),
    (65, 65, NULL, NULL, NULL, NULL),
    (66, 66, NULL, NULL, NULL, NULL),
    (67, 67, NULL, NULL, NULL, NULL),
    (68, 68, 1, '1 tablet', 'Once a day', '30 days'), 
    (69, 69, NULL, NULL, NULL, NULL),
    (70, 70, NULL, NULL, NULL, NULL),
    (71, 71, NULL, NULL, NULL, NULL),
    (72, 72, 4, '10mg', 'Twice a day', '30 days'), 
    (73, 73, NULL, NULL, NULL, NULL),
    (74, 74, NULL, NULL, NULL, NULL),
    (75, 75, NULL, NULL, NULL, NULL),
    (76, 76, 20, '1 tablet', 'Once a day', '30 days'), 
    (77, 77, NULL, NULL, NULL, NULL),
    (78, 78, NULL, NULL, NULL, NULL),
    (79, 79, NULL, NULL, NULL, NULL),
    (80, 80, 18, '500mg', 'Three times a day', '10 days'), 
    (81, 81, NULL, NULL, NULL, NULL),
    (82, 82, NULL, NULL, NULL, NULL),
    (83, 83, 13, '50mg', 'Every 8 hours', '7 days'), 
    (84, 84, NULL, NULL, NULL, NULL),
    (85, 85, NULL, NULL, NULL, NULL),
    (86, 86, 8, '1 tablet', 'Once a day', '30 days'), 
    (87, 87, NULL, NULL, NULL, NULL),
    (88, 88, 14, '50mg', 'Every 8 hours', '7 days'), 
    (89, 89, NULL, NULL, NULL, NULL),
    (90, 90, NULL, NULL, NULL, NULL),
    (91, 91, 6, '1 tablet', 'Once a day', '30 days'), 
    (92, 92, NULL, NULL, NULL, NULL),
    (93, 93, NULL, NULL, NULL, NULL),
    (94, 94, NULL, NULL, NULL, NULL),
    (95, 95, 2, '1 tablet', 'Once a day', '30 days'), 
    (96, 96, 13, '50mg', 'Every 8 hours', '7 days'), 
    (97, 97, NULL, NULL, NULL, NULL),
    (98, 98, NULL, NULL, NULL, NULL),
    (99, 99, 7, '10mg', 'Twice a day', '30 days'), 
    (100, 100, NULL, NULL, NULL, NULL),
    (101, 101, NULL, NULL, NULL, NULL),
    (102, 102, 5, '500mg', 'Three times a day', '10 days'), 
    (103, 103, NULL, NULL, NULL, NULL),
    (104, 104, 2, '1 tablet', 'Once a day', '30 days'), 
    (105, 105, NULL, NULL, NULL, NULL),
    (106, 106, NULL, NULL, NULL, NULL),
    (107, 107, NULL, NULL, NULL, NULL),
    (108, 108, 14, '50mg', 'Every 8 hours', '7 days'), 
    (109, 109, 8, '1 tablet', 'Once a day', '30 days'), 
    (110, 110, NULL, NULL, NULL, NULL),
    (111, 111, 20, '1 tablet', 'Once a day', '30 days'),
    (112, 112, NULL, NULL, NULL, NULL),
    (113, 113, 10, '5mg', 'Once a day', '15 days'), 
    (114, 114, NULL, NULL, NULL, NULL),
    (115, 115, NULL, NULL, NULL, NULL),
    (116, 116, NULL, NULL, NULL, NULL),
    (117, 117, NULL, NULL, NULL, NULL),
    (118, 118, 13, '50mg', 'Every 8 hours', '7 days'), 
    (119, 119, NULL, NULL, NULL, NULL),
    (120, 120, 1, '1 tablet', 'Once a day', '30 days'),
    (121, 121, NULL, NULL, NULL, NULL),
    (122, 122, 6, '1 tablet', 'Once a day', '30 days'), 
    (123, 123, NULL, NULL, NULL, NULL),
    (124, 124, 9, '5mg', 'Once a day', '15 days'), 
    (125, 125, NULL, NULL, NULL, NULL),
    (126, 126, NULL, NULL, NULL, NULL),
    (127, 127, 10, '5mg', 'Once a day', '15 days'), 
    (128, 128, NULL, NULL, NULL, NULL),
    (129, 129, 16, '10mg', 'Twice a day', '30 days'), 
    (130, 130, NULL, NULL, NULL, NULL),
    (131, 131, NULL, NULL, NULL, NULL),
    (132, 132, NULL, NULL, NULL, NULL),
    (133, 133, NULL, NULL, NULL, NULL),
    (134, 134, NULL, NULL, NULL, NULL),
    (135, 135, 20, '10mg', 'Twice a day', '30 days'), 
    (136, 136, NULL, NULL, NULL, NULL),
    (137, 137, NULL, NULL, NULL, NULL),
    (138, 138, 18, '500mg', 'Three times a day', '10 days'), 
    (139, 139, NULL, NULL, NULL, NULL),
    (140, 140, 2, '1 tablet', 'Once a day', '30 days'), 
    (141, 141, NULL, NULL, NULL, NULL),
    (142, 142, NULL, NULL, NULL, NULL),
    (143, 143, NULL, NULL, NULL, NULL),
    (144, 144, 14, '50mg', 'Every 8 hours', '7 days'), 
    (145, 145, NULL, NULL, NULL, NULL),
    (146, 146, NULL, NULL, NULL, NULL),
    (147, 147, NULL, NULL, NULL, NULL),
    (148, 148, 3, '10mg', 'Twice a day', '30 days'), 
    (149, 149, NULL, NULL, NULL, NULL),
    (150, 150, NULL, NULL, NULL, NULL),
    (151, 151, 9, '5mg', 'Once a day', '15 days'), 
    (152, 152, NULL, NULL, NULL, NULL),
    (153, 153, 13, '50mg', 'Every 8 hours', '7 days'), 
    (154, 154, NULL, NULL, NULL, NULL),
    (155, 155, NULL, NULL, NULL, NULL),
    (156, 156, NULL, NULL, NULL, NULL),
    (157, 157, NULL, NULL, NULL, NULL),
    (158, 158, NULL, NULL, NULL, NULL),
    (159, 159, NULL, NULL, NULL, NULL),
    (160, 160, 11, '1 tablet', 'Once a day', '30 days'), 
    (161, 161, NULL, NULL, NULL, NULL),
    (162, 162, NULL, NULL, NULL, NULL),
    (163, 163, NULL, NULL, NULL, NULL),
    (164, 164, 1, '10mg', 'Twice a day', '30 days'), 
    (165, 165, NULL, NULL, NULL, NULL),
    (166, 166, NULL, NULL, NULL, NULL),
    (167, 167, NULL, NULL, NULL, NULL),
    (168, 168, NULL, NULL, NULL, NULL),
    (169, 169, NULL, NULL, NULL, NULL),
    (170, 170, NULL, NULL, NULL, NULL),
    (171, 171, 5, '500mg', 'Three times a day', '10 days'), 
    (172, 172, NULL, NULL, NULL, NULL),
    (173, 173, NULL, NULL, NULL, NULL),
    (174, 174, 4, '10mg', 'Twice a day', '30 days'), 
    (175, 175, NULL, NULL, NULL, NULL),
    (176, 176, 7, '1 tablet', 'Once a day', '30 days'), 
    (177, 177, NULL, NULL, NULL, NULL),
    (178, 178, 20, '10mg', 'Twice a day', '30 days'), 
    (179, 179, NULL, NULL, NULL, NULL),
    (180, 180, NULL, NULL, NULL, NULL),
    (181, 181, 10, '5mg', 'Once a day', '15 days'), 
    (182, 182, NULL, NULL, NULL, NULL),
    (183, 183, 2, '10mg', 'Twice a day', '30 days'), 
    (184, 184, NULL, NULL, NULL, NULL),
    (185, 185, NULL, NULL, NULL, NULL),
    (186, 186, NULL, NULL, NULL, NULL),
    (187, 187, 3, '5mg', 'Once a day', '15 days'), 
    (188, 188, NULL, NULL, NULL, NULL),
    (189, 189, 6, '1 tablet', 'Once a day', '30 days'), 
    (190, 190, NULL, NULL, NULL, NULL),
    (191, 191, NULL, NULL, NULL, NULL),
    (192, 192, 11, '1 tablet', 'Once a day', '30 days'), 
    (193, 193, NULL, NULL, NULL, NULL),
    (194, 194, NULL, NULL, NULL, NULL),
    (195, 195, NULL, NULL, NULL, NULL),
    (196, 196, NULL, NULL, NULL, NULL),
    (197, 197, NULL, NULL, NULL, NULL),
    (198, 198, NULL, NULL, NULL, NULL),
    (199, 199, NULL, NULL, NULL, NULL),
    (200, 200, 12, '1 tablet', 'Once a day', '30 days');




insert into billings (billing_id, patient_id, total_amount, payment_status, payment_date, payment_method) values
    (1, 17, NULL, 'Unpaid', NULL, NULL),
    (2, 68, NULL, 'Unpaid', NULL, NULL),
    (3, 21, 115.75, 'Paid', '2023-10-02', 'Insurance Card'),
    (4, 7, NULL, 'Unpaid', NULL, NULL),
    (5, 32, NULL, 'Unpaid', NULL, NULL),
    (6, 43, NULL, 'Unpaid', NULL, NULL),
    (7, 82, 143.90, 'Paid', '2023-09-12', 'Credit Card'),
    (8, 90, NULL, 'Unpaid', NULL, NULL),
    (9, 86, NULL, 'Unpaid', NULL, NULL),
    (10, 80, NULL, 'Unpaid', NULL, NULL),
    (11, 26, NULL, 'Unpaid', NULL, NULL),
    (12, 37, NULL, 'Unpaid', NULL, NULL),
    (13, 64, 1000.76, 'Paid', '2023-11-16', 'Cash'),
    (14, 27, NULL, 'Unpaid', NULL, NULL),
    (15, 41, 132.30, 'Paid', '2023-10-25', 'Credit Card'),
    (16, 35, NULL, 'Unpaid', NULL, NULL),
    (17, 44, NULL, 'Unpaid', NULL, NULL),
    (18, 29, 107.85, 'Paid', '2023-10-02', 'Cash'),
    (19, 40, NULL, 'Unpaid', NULL, NULL),
    (20, 17, NULL, 'Unpaid', NULL, NULL),
    (21, 82, NULL, 'Unpaid', NULL, NULL),
    (22, 63, 59.60, 'Paid', '2023-11-09', 'Credit Card'),
    (23, 31, NULL, 'Unpaid', NULL, NULL),
    (24, 45, 112.50, 'Paid', '2023-10-28', 'Insurance Card'),
    (25, 49, NULL, 'Unpaid', NULL, NULL),
    (26, 33, NULL, 'Unpaid', NULL, NULL),
    (27, 41, NULL, 'Unpaid', NULL, NULL),
    (28, 19, 90.40, 'Paid', '2023-09-20', 'Cash'),
    (29, 85, NULL, 'Unpaid', NULL, NULL),
    (30, 42, 142.20, 'Paid', '2023-10-12', 'Insurance Card'),
    (31, 74, NULL, 'Unpaid', NULL, NULL),
    (32, 67, NULL, 'Unpaid', NULL, NULL),
    (33, 47, NULL, 'Unpaid', NULL, NULL),
    (34, 94, 78.10, 'Paid', '2023-12-08', 'Credit Card'),
    (35, 89, NULL, 'Unpaid', NULL, NULL),
    (36, 91, 126.75, 'Paid', '2023-09-15', 'Cash'),
    (37, 72, NULL, 'Unpaid', NULL, NULL),
    (38, 58, 104.20, 'Paid', '2023-10-13', 'Credit Card'),
    (39, 87, NULL, 'Unpaid', NULL, NULL),
    (40, 29, NULL, 'Unpaid', NULL, NULL),
    (41, 91, NULL, 'Unpaid', NULL, NULL),
    (42, 36, NULL, 'Unpaid', NULL, NULL),
    (43, 11, 82.50, 'Paid', '2023-10-05', 'Insurance Card'),
    (44, 24, NULL, 'Unpaid', NULL, NULL),
    (45, 22, NULL, 'Unpaid', NULL, NULL),
    (46, 62, NULL, 'Unpaid', NULL, NULL),
    (47, 9, NULL, 'Unpaid', NULL, NULL),
    (48, 42, NULL, 'Unpaid', NULL, NULL),
    (49, 28, 98.30, 'Paid', '2023-09-17', 'Cash'),
    (50, 48, NULL, 'Unpaid', NULL, NULL),
    (51, 69, NULL, 'Unpaid', NULL, NULL),
    (52, 94, 1534.64, 'Paid', '2023-07-25', 'Credit Card'),
    (53, 81, NULL, 'Unpaid', NULL, NULL),
    (54, 19, NULL, 'Unpaid', NULL, NULL),
    (55, 51, 88.90, 'Paid', '2023-10-04', 'Cash'),
    (56, 96, NULL, 'Unpaid', NULL, NULL),
    (57, 34, 134.20, 'Paid', '2023-06-16', 'Insurance Card'),
    (58, 30, 93.00, 'Paid', '2023-10-06', 'Credit Card'),
    (59, 52, NULL, 'Unpaid', NULL, NULL),
    (60, 88, 150.75, 'Paid', '2023-12-17', 'Cash'),
    (61, 92, NULL, 'Unpaid', NULL, NULL),
    (62, 72, NULL, 'Unpaid', NULL, NULL),
    (63, 59, NULL, 'Unpaid', NULL, NULL),
    (64, 16, 115.00, 'Paid', '2023-10-15', 'Credit Card'),
    (65, 89, NULL, 'Unpaid', NULL, NULL),
    (66, 60, NULL, 'Unpaid', NULL, NULL),
    (67, 31, NULL, 'Unpaid', NULL, NULL),
    (68, 95, 104.55, 'Paid', '2023-09-12', 'Insurance Card'),
    (69, 56, NULL, 'Unpaid', NULL, NULL),
    (70, 39, NULL, 'Unpaid', NULL, NULL),
    (71, 52, NULL, 'Unpaid', NULL, NULL),
    (72, 51, 1350.90, 'Paid', '2023-10-28', 'Cash'),
    (73, 70, NULL, 'Unpaid', NULL, NULL),
    (74, 83, NULL, 'Unpaid', NULL, NULL),
    (75, 25, NULL, 'Unpaid', NULL, NULL),
    (76, 84, 76.45, 'Paid', '2023-09-13', 'Credit Card'),
    (77, 38, NULL, 'Unpaid', NULL, NULL),
    (78, 28, NULL, 'Unpaid', NULL, NULL),
    (79, 20, NULL, 'Unpaid', NULL, NULL),
    (80, 5, 113.60, 'Paid', '2023-11-11', 'Insurance Card'),
    (81, 27, NULL, 'Unpaid', NULL, NULL),
    (82, 50, NULL, 'Unpaid', NULL, NULL),
    (83, 55, 89.50, 'Paid', '2023-10-04', 'Credit Card'),
    (84, 55, NULL, 'Unpaid', NULL, NULL),
    (85, 8, NULL, 'Unpaid', NULL, NULL),
    (86, 59, 110.80, 'Paid', '2023-11-07', 'Cash'),
    (87, 61, NULL, 'Unpaid', NULL, NULL),
    (88, 54, 126.30, 'Paid', '2023-10-22', 'Insurance Card'),
    (89, 54, NULL, 'Unpaid', NULL, NULL),
    (90, 67, NULL, 'Unpaid', NULL, NULL),
    (91, 6, 115.25, 'Paid', '2023-12-19', 'Credit Card'),
    (92, 53, NULL, 'Unpaid', NULL, NULL),
    (93, 93, NULL, 'Unpaid', NULL, NULL),
    (94, 99, NULL, 'Unpaid', NULL, NULL),
    (95, 32, 128.60, 'Paid', '2023-09-10', 'Cash'),
    (96, 10, 79.90, 'Paid', '2023-08-06', 'Credit Card'),
    (97, 46, NULL, 'Unpaid', NULL, NULL),
    (98, 10, NULL, 'Unpaid', NULL, NULL),
    (99, 57, 134.40, 'Paid', '2023-12-13', 'Insurance Card'),
    (100, 66, NULL, 'Unpaid', NULL, NULL),
    (101, 79, NULL, 'Unpaid', NULL, NULL),
    (102, 77, 152.30, 'Paid', '2023-12-04', 'Credit Card'),
    (103, 78, NULL, 'Unpaid', NULL, NULL),
    (104, 71, 94.10, 'Paid', '2023-10-18', 'Cash'),
    (105, 76, NULL, 'Unpaid', NULL, NULL),
    (106, 12, NULL, 'Unpaid', NULL, NULL),
    (107, 14, NULL, 'Unpaid', NULL, NULL),
    (108, 75, 109.20, 'Paid', '2023-10-16', 'Credit Card'),
    (109, 13, 135.40, 'Paid', '2023-09-09', 'Credit Card'),
    (110, 1, NULL, 'Unpaid', NULL, NULL),
    (111, 65, 86.70, 'Paid', '2023-10-19', 'Cash'),
    (112, 79, NULL, 'Unpaid', NULL, NULL),
    (113, 23, 117.25, 'Paid', '2023-11-01', 'Insurance Card'),
    (114, 15, NULL, 'Unpaid', NULL, NULL),
    (115, 18, NULL, 'Unpaid', NULL, NULL),
    (116, 75, NULL, 'Unpaid', NULL, NULL),
    (117, 98, NULL, 'Unpaid', NULL, NULL),
    (118, 97, 102.15, 'Paid', '2023-10-09', 'Credit Card'),
    (119, 97, NULL, 'Unpaid', NULL, NULL),
    (120, 68, 130.50, 'Paid', '2023-11-14', 'Cash'),
    (121, 12, NULL, 'Unpaid', NULL, NULL),
    (122, 15, 98.30, 'Paid', '2023-10-23', 'Insurance Card'),
    (123, 90, NULL, 'Unpaid', NULL, NULL),
    (124, 100, 137.75, 'Paid', '2023-11-03', 'Credit Card'),
    (125, 15, NULL, 'Unpaid', NULL, NULL),
    (126, 14, NULL, 'Unpaid', NULL, NULL),
    (127, 60, 95.10, 'Paid', '2023-12-30', 'Cash'),
    (128, 85, NULL, 'Unpaid', NULL, NULL),
    (129, 77, 120.80, 'Paid', '2023-10-17', 'Credit Card'),
    (130, 25, NULL, 'Unpaid', NULL, NULL),
    (131, 70, NULL, 'Unpaid', NULL, NULL),
    (132, 37, NULL, 'Unpaid', NULL, NULL),
    (133, 66, NULL, 'Unpaid', NULL, NULL),
    (134, 39, NULL, 'Unpaid', NULL, NULL),
    (135, 1, 142.20, 'Paid', '2023-10-08', 'Insurance Card'),
    (136, 56, NULL, 'Unpaid', NULL, NULL),
    (137, 22, NULL, 'Unpaid', NULL, NULL),
    (138, 45, 89.90, 'Paid', '2023-10-03', 'Cash'),
    (139, 23, NULL, 'Unpaid', NULL, NULL),
    (140, 26, 112.50, 'Paid', '2023-12-28', 'Credit Card'),
    (141, 21, NULL, 'Unpaid', NULL, NULL),
    (142, 24, NULL, 'Unpaid', NULL, NULL),
    (143, 92, NULL, 'Unpaid', NULL, NULL),
    (144, 4, 123.15, 'Paid', '2023-11-18', 'Insurance Card'),
    (145, 62, NULL, 'Unpaid', NULL, NULL),
    (146, 3, NULL, 'Unpaid', NULL, NULL),
    (147, 8, NULL, 'Unpaid', NULL, NULL),
    (148, 4, 2150.34, 'Paid', '2023-12-22', 'Credit Card'),
    (149, 18, NULL, 'Unpaid', NULL, NULL),
    (150, 7, NULL, 'Unpaid', NULL, NULL),
    (151, 34, 102.40, 'Paid', '2023-10-21', 'Cash'),
    (152, 49, NULL, 'Unpaid', NULL, NULL),
    (153, 93, 119.90, 'Paid', '2023-10-07', 'Credit Card'),
    (154, 40, NULL, 'Unpaid', NULL, NULL),
    (155, 61, NULL, 'Unpaid', NULL, NULL),
    (156, 40, NULL, 'Unpaid', NULL, NULL),
    (157, 33, NULL, 'Unpaid', NULL, NULL),
    (158, 38, NULL, 'Unpaid', NULL, NULL),
    (159, 95, NULL, 'Unpaid', NULL, NULL),
    (160, 87, 78.60, 'Paid', '2023-09-11', 'Insurance Card'),
    (161, 71, NULL, 'Unpaid', NULL, NULL),
    (162, 43, NULL, 'Unpaid', NULL, NULL),
    (163, 46, NULL, 'Unpaid', NULL, NULL),
    (164, 47, 134.45, 'Paid', '2023-09-14', 'Credit Card'),
    (165, 71, NULL, 'Unpaid', NULL, NULL),
    (166, 6, NULL, 'Unpaid', NULL, NULL),
    (167, 9, NULL, 'Unpaid', NULL, NULL),
    (168, 11, NULL, 'Unpaid', NULL, NULL),
    (169, 13, NULL, 'Unpaid', NULL, NULL),
    (170, 93, NULL, 'Unpaid', NULL, NULL),
    (171, 98, 79.90, 'Paid', '2023-08-05', 'Credit Card'),
    (172, 99, NULL, 'Unpaid', NULL, NULL),
    (173, 100, NULL, 'Unpaid', NULL, NULL),
    (174, 99,1800.25 , 'Paid', '2023-12-07', 'Credit Card'),
    (175, 58, NULL, 'Unpaid', NULL, NULL),
    (176, 57, 125.35, 'Paid', '2023-07-07', 'Credit Card'),
    (177, 81, NULL, 'Unpaid', NULL, NULL),
    (178, 83, 113.90, 'Paid', '2023-05-30', 'Credit Card'),
    (179, 16, NULL, 'Unpaid', NULL, NULL),
    (180, 2, NULL, 'Unpaid', NULL, NULL),
    (181, 96, 94.45, 'Paid', '2023-10-21', 'Credit Card'),
    (182, 57, NULL, 'Unpaid', NULL, NULL),
    (183, 50, 85.50, 'Unpaid', NULL, NULL),
    (184, 48, NULL, 'Unpaid', NULL, NULL),
    (185, 44, NULL, 'Unpaid', NULL, NULL),
    (186, 5, NULL, 'Unpaid', NULL, NULL),
    (187, 2, 2500.89, 'Paid', '2023-09-16', 'Credit Card'),
    (188, 89, NULL, 'Unpaid', NULL, NULL),
    (189, 88, 95.65, 'Paid', '2023-11-08', 'Credit Card'),
    (190, 73, NULL, 'Unpaid', NULL, NULL),
    (191, 76, NULL, 'Unpaid', NULL, NULL),
    (192, 74, 89.00, 'Paid', '2023-12-14', 'Credit Card'),
    (193, 38, NULL, 'Unpaid', NULL, NULL),
    (194, 80, NULL, 'Unpaid', NULL, NULL),
    (195, 35, NULL, 'Unpaid', NULL, NULL),
    (196, 76, NULL, 'Unpaid', NULL, NULL),
    (197, 20, NULL, 'Unpaid', NULL, NULL),
    (198, 30, NULL, 'Unpaid', NULL, NULL),
    (199, 64, NULL, 'Unpaid', NULL, NULL),
    (200, 36, 108.25, 'Unpaid', NULL, NULL);




insert into staffs (staff_id, first_name, last_name, role, department_id, phone_number, email, shift_hours) values
    (1, 'Alice', 'Johnson', 'Nurse', 8, '5550101', 'alicejohnson@hospital.com', '08:00-16:00'),
    (2, 'Bob', 'Smith', 'Nurse', 8, '5550102', 'bobsmith@hospital.com', '16:00-00:00'),
    (3, 'Cathy', 'Miller', 'Nurse', 8, '5550103', 'cathymiller@hospital.com', '08:00-16:00'),
    (4, 'David', 'Wilson', 'Nurse', 8, '5550104', 'davidwilson@hospital.com', '00:00-08:00'),
    (5, 'Emma', 'Davis', 'Nurse', 8, '5550105', 'emmadavis@hospital.com', '08:00-16:00'),
    (6, 'Frank', 'Garcia', 'Nurse', 8, '5550106', 'frankgarcia@hospital.com', '16:00-00:00'),
    (7, 'Grace', 'Martinez', 'Nurse', 8, '5550107', 'gracemartinez@hospital.com', '08:00-16:00'),
    (8, 'Henry', 'Rodriguez', 'Nurse', 8, '5550108', 'henryrodriguez@hospital.com', '00:00-08:00'),
    (9, 'Ivy', 'Lopez', 'Nurse', 8, '5550109', 'ivylopez@hospital.com', '08:00-16:00'),
    (10, 'Jack', 'Gonzalez', 'Nurse', 8, '5550110', 'jackgonzalez@hospital.com', '16:00-00:00'),
    (11, 'Karen', 'Hernandez', 'Nurse', 8, '5550111', 'karenhernandez@hospital.com', '00:00-08:00'),
    (12, 'Leo', 'King', 'Nurse', 8, '5550112', 'leoking@hospital.com', '08:00-16:00'),
    (13, 'Maria', 'Scott', 'Nurse', 8, '5550113', 'mariascott@hospital.com', '16:00-00:00'),
    (14, 'Nina', 'Young', 'Nurse', 8, '5550114', 'ninayoung@hospital.com', '08:00-16:00'),
    
    (15, 'Olivia', 'Clark', 'Receptionist', 9, '5550201', 'oliviaclark@hospital.com', '09:00-17:00'),
    (16, 'Paul', 'Lewis', 'Secretary', 9, '5550202', 'paullewis@hospital.com', '17:00-01:00'),
    (17, 'Quincy', 'Walker', 'Administrative Coordinator', 9, '5550203', 'quincywalker@hospital.com', '09:00-17:00'),
    (18, 'Rachel', 'Hall', 'Administrator Assistant', 9, '5550204', 'rachelhall@hospital.com', '01:00-09:00'),
    
    (19, 'Steve', 'Allen', 'IT Specialist', 10, '5550301', 'steveallen@hospital.com', '10:00-18:00'),
    (20, 'Tina', 'Wright', 'IT Specialist', 10, '5550302', 'tinawright@hospital.com', '18:00-02:00');




insert into rooms (room_id, room_number, department_id, room_type, availability_status) values
    (1, '101', 1, 'General', 'Available'),
    (2, '102', 1, 'Private', 'Occupied'),
    (3, '103', 2, 'General', 'Available'),
    (4, '104', 2, 'Private', 'Occupied'),
    (5, '105', 3, 'General', 'Available'),
    (6, '106', 3, 'Private', 'Occupied'),
    (7, '107', 4, 'General', 'Available'),
    (8, '108', 4, 'Private', 'Occupied'),
    (9, '109', 5, 'ICU', 'Available'),
    (10, '110', 5, 'Private', 'Occupied'),
    (11, '111', 6, 'Private', 'Available'),
    (12, '112', 6, 'General', 'Occupied'),
    (13, '113', 7, 'ICU', 'Available'),
    (14, '114', 7, 'General', 'Available'),
    (15, '115', 1, 'General', 'Available'),
    (16, '116', 2, 'Private', 'Occupied'),
    (17, '117', 3, 'General', 'Available'),
    (18, '118', 4, 'ICU', 'Occupied'),
    (19, '119', 5, 'Private', 'Available'),
    (20, '120', 7, 'Private', 'Occupied');



insert into room_assignment (assignment_id, room_id, staff_id, patient_id, admission_date, discharge_date) values
(1, 2, 5, 64, '2023-11-16', '2023-11-19'),
(2, 9, 2, 94, '2023-11-08', '2023-11-15'),
(3, 14,10, 51, '2023-10-28', '2023-10-30'),
(4, 13, 13, 4, '2023-12-22', '2024-01-12'),
(5, 14, 8,99, '2023-12-07', '2023-12-08'),
(6, 14,3, 2, '2024-02-10', '2024-02-14');







